或旧	hjiu	
一家	yjia	
怎么	zenm	
好想	haox	
总是	zshi	
调查	diaoc	
行政	xzheng	
开发	kaif	
单身	dans	
电话	dhua	
头像	toux	
控制	kzhi	
艺术	yis	
爱情	aqing	
顺利	sli	
你这么	nzhem	
周末	zhoum	
医生	yis	
也会	yeh	
希望	xwang	
你能	nneng	
数量	sliang	
不是	bus	
成都	chengd	
拥有	yyou	
电视剧	dsju	
作业	zye	
我是	wshi	
然而	rer	
是什么	ssme	
外面	wmian	
漂亮	pliang	
医院	yyuan	
当然	dran	
回到	hdao	
还有	hyou	
不住	bzhu	
你什么	nshenm	
看到了	kdaol	
就好	jhao	
民国	ming	
易烊千玺	yiyqx	
南方	nanf	
上午	shangw	
被你	bein	
领导	ldao	
我就是	wojs	
现场	xchang	
已经	yij	
身边	shenb	
要是	yshi	
去找	quz	
合作	hzuo	
我想	wxiang	
更好	gengh	
夏天	xiat	
明天	mingt	
羡慕	xianm	
很喜欢	hxih	
但是	dans	
你有	niy	
也喜欢	yxhuan	
帮你	bangn	
相信	xxin	
管辖	gxia	
拒绝	juj	
是一个	syge	
形成	xingc	
让你	rangn	
只是	zshi	
林那	linn	
旅游	lvy	
电影	dying	
夏令时	xlshi	
那边	nbian	
学生	xsheng	
你给	ngei	
正式	zshi	
当时	dangs	
早安	zaoa	
了解	liaoj	
走了	zoul	
好了	haol	
称为	cwei	
新的	xde	
注意	zhuy	
想到	xiangd	
平均	pingj	
就会	jhui	
浙江	zjiang	
攻击	gongj	
啥时候	sshou	
做的	zde	
属于	shuy	
讨厌	tyan	
看的	kand	
相关	xiangg	
别人	bier	
祝福	zfu	
晚上	wans	
好呀	hya	
担心	dxin	
也觉得	yejd	
过年	gnian	
人员	ryuan	
开心	kaix	
北方	beif	
所以我	suoyw	
喜欢	xih	
年的	niand	
今年	jnian	
铁路	tlu	
那天	ntian	
我自己	wzij	
活动	hdong	
奥林匹克	alpke	
协会	xhui	
女神	nvs	
新年快乐	xinnkl	
发型	fax	
好看	hkan	
邮政编码	yzbianm	
参加	canj	
人类	rlei	
媒体	mti	
原因	yuany	
这是	zhes	
精神	jshen	
建立	jli	
议员	yiy	
自己的	zijd	
解释	jies	
书记	sji	
此外	cwai	
声音	syin	
姑娘	gun	
就去	jqu	
告诉我	gaosw	
冠军	guanj	
昨天	ztian	
路上	lus	
严重	yanz	
看起来	kanql	
不说	bshuo	
你会	nhui	
就想	jiux	
好听	haot	
认识	rens	
天天	ttian	
你自己	nzji	
买了	mail	
设有	syou	
这样	zhey	
就行	jiux	
现在	xzai	
就是	jius	
该国	gaig	
感受	gans	
没看	mkan	
吃了	chil	
