或旧	huojou	
一家	uijia	
怎么	zwnme	
好想	haoxuang	
总是	zomgshi	
调查	disocha	
行政	xingzhrng	
开发	kaufa	
单身	danshrn	
电话	diamhua	
头像	touziang	
控制	kongzji	
艺术	yiahu	
爱情	siqing	
顺利	shinli	
你这么	nizhene	
周末	xhoumo	
医生	yishemg	
也会	tehui	
希望	ciwang	
你能	noneng	
数量	shuliamg	
不是	nushi	
成都	cgengdu	
拥有	yonhyou	
电视剧	dianshiji	
作业	xuoye	
我是	wpshi	
然而	ranee	
是什么	ahishenme	
外面	waimisn	
漂亮	piaoloang	
医院	tiyuan	
当然	dsngran	
回到	huidai	
还有	haiypu	
不住	buxhu	
你什么	nishebme	
看到了	kanfaole	
就好	kiuhao	
民国	mingui	
易烊千玺	yitangqianxi	
南方	nsnfang	
上午	shamgwu	
被你	beimi	
领导	lingdai	
我就是	wojiusgi	
现场	xisnchang	
已经	yijong	
身边	shembian	
要是	yaosji	
去找	quzhso	
合作	gezuo	
我想	wociang	
更好	gengjao	
夏天	xiatuan	
明天	mingtoan	
羡慕	xiabmu	
很喜欢	henxihyan	
但是	dsnshi	
你有	niyoy	
也喜欢	yexihusn	
帮你	banhni	
相信	xiangxon	
管辖	guanxoa	
拒绝	jujye	
是一个	shiyife	
形成	xibgcheng	
让你	eangni	
只是	zhishu	
林那	kinna	
旅游	kvyou	
电影	fianying	
夏令时	xialongshi	
那边	nanian	
学生	xueshwng	
你给	nugei	
正式	xhengshi	
当时	sangshi	
早安	zaosn	
了解	lisojie	
走了	xoule	
好了	gaole	
称为	xhengwei	
新的	xibde	
注意	zhiyi	
想到	xiangdso	
平均	pingjyn	
就会	jiuhuo	
浙江	zgejiang	
攻击	gongju	
啥时候	shasgihou	
做的	zyode	
属于	sjuyu	
讨厌	raoyan	
看的	ksnde	
相关	xianggusn	
别人	birren	
祝福	zgufu	
晚上	eanshang	
好呀	hsoya	
担心	danxib	
也觉得	yejyede	
过年	guoniab	
人员	remyuan	
开心	kaizin	
北方	veifang	
所以我	suoyieo	
喜欢	xihuab	
年的	niabde	
今年	junnian	
铁路	tieku	
那天	natisn	
我自己	wiziji	
活动	huidong	
奥林匹克	ailinpike	
协会	ciehui	
女神	nvshrn	
新年快乐	xinniankyaile	
发型	facing	
好看	haojan	
邮政编码	youzhenhbianma	
参加	csnjia	
人类	renleo	
媒体	meito	
原因	uuanyin	
这是	zhesji	
精神	jingsjen	
建立	hianli	
议员	yiyian	
自己的	zijife	
解释	jiesgi	
书记	sguji	
此外	viwai	
声音	shengyim	
姑娘	gunisng	
就去	jiuwu	
告诉我	faosuwo	
冠军	guanjyn	
昨天	zuotisn	
路上	lushanf	
严重	yanzhing	
看起来	kanqolai	
不说	budhuo	
你会	nihii	
就想	jiuciang	
好听	haotinh	
认识	rwnshi	
天天	tiantoan	
你自己	nixiji	
买了	maike	
设有	dheyou	
这样	zgeyang	
就行	juuxing	
现在	xuanzai	
就是	jiishi	
该国	gaigyo	
感受	gsnshou	
没看	mwikan	
吃了	cgile	
