或旧	fuojiu	
怎么	zhenme	
好想	faoxiang	
总是	zongsi	
调查	diaoca	
行政	xingzeng	
开发	kaiha	
单身	dansheng	
电话	dianfua	
控制	kongzi	
艺术	yisu	
爱情	aiqin	
顺利	sunli	
你这么	nizeme	
周末	zoumo	
医生	yiseng	
也会	yefui	
你能	nileng	
数量	shuniang	
不是	busi	
成都	cengdu	
电视剧	diansiju	
作业	zhuoye	
我是	wosi	
是什么	sishenme	
漂亮	piaoniang	
回到	fuidao	
还有	faiyou	
不住	buzu	
你什么	lishenme	
看到了	kandaone	
就好	jiufao	
民国	mingguo	
南方	nanhang	
上午	sangwu	
被你	beili	
领导	lindao	
我就是	wojiusi	
现场	xiancang	
已经	yijin	
身边	senbian	
要是	yaosi	
去找	quzao	
合作	hezhuo	
更好	gengfao	
明天	mintian	
很喜欢	henxifuan	
但是	dansi	
你有	liyou	
也喜欢	yexifuan	
帮你	bangli	
相信	xiangxing	
是一个	siyige	
形成	xincheng	
让你	rangli	
只是	zishi	
林那	linla	
旅游	nvyou	
电影	dianyin	
夏令时	xialingsi	
那边	labian	
学生	xueshen	
你给	ligei	
正式	zengshi	
当时	dangsi	
早安	zhaoan	
了解	niaojie	
走了	zoune	
好了	haone	
称为	cengwei	
新的	xingde	
注意	zuyi	
平均	pinjun	
就会	jiufui	
浙江	zejiang	
啥时候	shashifou	
做的	zhuode	
属于	suyu	
别人	biereng	
祝福	zufu	
晚上	wansang	
好呀	faoya	
担心	danxing	
过年	guolian	
人员	rengyuan	
开心	kaixing	
北方	beihang	
所以我	shuoyiwo	
喜欢	xifuan	
年的	liande	
今年	jinlian	
铁路	tienu	
那天	latian	
我自己	wozhiji	
活动	fuodong	
奥林匹克	aoninpike	
协会	xiefui	
女神	nvsheng	
新年快乐	xingniankuaile	
发型	haxing	
好看	faokan	
邮政编码	youzengbianma	
参加	chanjia	
人类	renglei	
原因	yuanying	
这是	zhesi	
精神	jingsen	
建立	jianni	
自己的	zhijide	
解释	jiesi	
书记	suji	
此外	chiwai	
声音	shenyin	
姑娘	guliang	
告诉我	gaoshuwo	
昨天	zhuotian	
路上	lusang	
严重	yanzong	
看起来	kanqinai	
不说	busuo	
你会	lihui	
好听	haotin	
认识	rensi	
你自己	liziji	
买了	maine	
设有	seyou	
这样	zeyang	
就行	jiuxin	
现在	xianzhai	
就是	jiusi	
感受	gansou	
吃了	cile	
建设	jianse	
会议	fuiyi	
苏联	shulian	
心里	xingli	
举行	juxin	
人大	rengda	
接受	jiesou	
看来	kannai	
关注	guanzu	
中心	zongxin	
参与	chanyu	
不来	bunai	
网络	wangnuo	
在这	zaize	
哪有	layou	
之间	zijian	
世界	sijie	
训练	xunnian	
武汉	wufan	
告诉你	gaosuli	
是谁	sishui	
所有	shuoyou	
小组	xiaozhu	
基特峰	jitefen	
还以为	faiyiwei	
没人	meireng	
老婆	naopo	
两天	niangtian	
