或旧	houjiu	
一家	yijai	
怎么	zemne	
好想	haoixang	
总是	zonghsi	
调查	diacoha	
行政	ixngzheng	
开发	akifa	
单身	dnashen	
电话	dianhau	
头像	touxiagn	
控制	knogzhi	
艺术	ysihu	
爱情	iaqing	
顺利	shunil	
你这么	inzheme	
周末	zhuomo	
医生	yishneg	
也会	yeuhi	
希望	xiawng	
你能	ninegn	
数量	hsuliang	
不是	ubshi	
成都	chnegdu	
拥有	oyngyou	
电视剧	dainshiju	
作业	zouye	
我是	wsohi	
然而	arner	
是什么	hsishenme	
外面	wamiian	
漂亮	ipaoliang	
医院	yiuyan	
当然	dangrna	
回到	huiado	
还有	haiyuo	
不住	ubzhu	
你什么	nishneme	
看到了	kadnaole	
就好	juihao	
民国	mignuo	
易烊千玺	yiyanqgianxi	
南方	nnafang	
上午	hsangwu	
被你	bieni	
领导	ligndao	
我就是	wojiusih	
现场	xiacnhang	
已经	yiijng	
身边	sehnbian	
要是	ayoshi	
去找	quzhoa	
合作	ehzuo	
我想	wxoiang	
更好	genghoa	
夏天	ixatian	
明天	mingitan	
羡慕	xinamu	
很喜欢	henxiuhan	
但是	adnshi	
你有	niyuo	
也喜欢	yexiuhan	
帮你	bnagni	
相信	xiagnxin	
管辖	uganxia	
拒绝	juuje	
是一个	shiiyge	
形成	xigncheng	
让你	ragnni	
只是	zhisih	
旅游	vlyou	
电影	dianynig	
夏令时	xiailngshi	
那边	nbaian	
学生	xueshegn	
你给	ingei	
正式	zhegnshi	
当时	adngshi	
早安	azoan	
了解	liaojei	
走了	ozule	
好了	ahole	
称为	chnegwei	
新的	xnide	
注意	zuhyi	
想到	xiagndao	
平均	pinjgun	
就会	juihui	
浙江	zheijang	
攻击	gnogji	
啥时候	shashhiou	
做的	zudoe	
属于	hsuyu	
讨厌	tayoan	
看的	aknde	
相关	xianggaun	
别人	bireen	
祝福	zhfuu	
晚上	wasnhang	
好呀	ahoya	
担心	danxni	
也觉得	yjeuede	
过年	guoinan	
人员	rneyuan	
开心	kaxiin	
北方	biefang	
所以我	souyiwo	
喜欢	ixhuan	
年的	nainde	
今年	jinnina	
铁路	tileu	
那天	antian	
我自己	woziij	
活动	huodogn	
奥林匹克	aolinipke	
协会	xieuhi	
女神	nsvhen	
新年快乐	ixnniankuaile	
发型	fxaing	
好看	haokna	
邮政编码	youhzengbianma	
参加	cajnia	
人类	rnelei	
媒体	emiti	
原因	yuanyni	
这是	zhesih	
精神	jingsehn	
建立	ijanli	
议员	yiuyan	
自己的	zijdie	
解释	jiehsi	
书记	suhji	
此外	ciawi	
声音	shenygin	
姑娘	guninag	
就去	juiqu	
告诉我	gaouswo	
冠军	gunajun	
昨天	zuoitan	
路上	lusahng	
严重	yaznhong	
看起来	kanqiali	
不说	busuho	
你会	inhui	
就想	jiuxinag	
好听	hoating	
认识	rensih	
天天	itantian	
你自己	inziji	
买了	malie	
设有	sehyou	
这样	zhyeang	
就行	ijuxing	
现在	xianzia	
就是	jisuhi	
该国	gaiugo	
感受	gasnhou	
没看	meikna	
吃了	hcile	
建设	jianhse	
