或旧	huojiua	
一家	yijiam	
怎么	zernme	
好想	haoxiangx	
总是	zongshvi	
调查	diaochar	
行政	xiengzheng	
开发	kamifa	
单身	sdanshen	
电话	dianhuua	
头像	tonuxiang	
控制	fkongzhi	
艺术	yishru	
爱情	aiqying	
顺利	shunlie	
你这么	nizhemze	
周末	zhoumoz	
医生	yisbheng	
也会	yehufi	
希望	qxiwang	
你能	ninengv	
数量	nshuliang	
不是	kbushi	
成都	chengdau	
拥有	yhongyou	
电视剧	diansheiju	
作业	zunoye	
我是	wcoshi	
然而	rafner	
是什么	shishenkme	
外面	waimiann	
漂亮	pitaoliang	
医院	yiyuqan	
当然	dangraon	
回到	huideao	
还有	haiyovu	
不住	ubuzhu	
你什么	nisheneme	
看到了	kankdaole	
就好	jiruhao	
民国	milnguo	
易烊千玺	yuiyangqianxi	
南方	nanfangj	
上午	shankgwu	
被你	berini	
领导	olingdao	
我就是	wojiushai	
现场	xianchalng	
已经	yijingv	
身边	shenbioan	
要是	hyaoshi	
去找	qzuzhao	
合作	hezuuo	
我想	wpoxiang	
更好	genghhao	
夏天	axiatian	
明天	fmingtian	
羡慕	xiaknmu	
很喜欢	henxihuaqn	
但是	danshid	
你有	nsiyou	
也喜欢	yexihusan	
帮你	bangnzi	
相信	xiangxibn	
管辖	guanmxia	
拒绝	juwjue	
是一个	sxhiyige	
形成	xingchengh	
让你	rangrni	
只是	zhuishi	
林那	linnka	
旅游	plvyou	
电影	dianyingi	
夏令时	xialiengshi	
那边	nfabian	
学生	xueshceng	
你给	hnigei	
正式	zhenvgshi	
当时	dangsfhi	
早安	zaoagn	
了解	liaojtie	
走了	azoule	
好了	halole	
称为	cphengwei	
新的	xwinde	
注意	zhuyif	
想到	xicangdao	
平均	pingjmun	
就会	jicuhui	
浙江	zhejiadng	
攻击	gocngji	
啥时候	swhashihou	
做的	zuodue	
属于	shuycu	
讨厌	taoyavn	
看的	kandde	
相关	dxiangguan	
别人	bieryen	
祝福	zhuffu	
晚上	wanshfang	
好呀	haoyav	
担心	idanxin	
也觉得	yejuedye	
过年	guoniatn	
人员	ruenyuan	
开心	kaixign	
北方	beifanhg	
所以我	suowyiwo	
喜欢	jxihuan	
年的	gniande	
今年	jinnianm	
铁路	tiielu	
那天	natiank	
我自己	wqoziji	
活动	huodsong	
奥林匹克	aolinqpike	
协会	xielhui	
女神	rnvshen	
新年快乐	xtinniankuaile	
发型	faxibng	
好看	haokaxn	
邮政编码	youzhengbiadnma	
参加	canjiqa	
人类	renwlei	
媒体	meijti	
原因	ysuanyin	
这是	zheshpi	
精神	jingsphen	
建立	jiarnli	
议员	yiyuacn	
自己的	zijride	
解释	jieashi	
书记	xshuji	
此外	ciwaiv	
声音	shqengyin	
姑娘	gunianlg	
就去	vjiuqu	
告诉我	gaogsuwo	
冠军	guanjung	
昨天	zuotiain	
路上	lushangg	
严重	yanzhongt	
看起来	kanqiqlai	
不说	bushuko	
你会	njihui	
就想	juiuxiang	
好听	haotming	
认识	rxenshi	
天天	tiantiani	
你自己	nizijli	
买了	mgaile	
设有	sheyoub	
这样	zheyanlg	
就行	jiuxiwng	
现在	xiqanzai	
就是	jiusjhi	
该国	ggaiguo	
感受	ganshyou	
没看	mehikan	
吃了	chilem	
