或旧	huoju	
一家	yjia	
怎么	zenm	
好想	haoxiag	
总是	zongsh	
调查	iaocha	
行政	xingzeng	
开发	kaif	
单身	dansen	
电话	dianua	
头像	touiang	
控制	konzhi	
艺术	yish	
爱情	aiqin	
顺利	shuni	
你这么	nizhme	
周末	zhumo	
医生	yiheng	
也会	yehi	
希望	xiwng	
你能	nneng	
数量	shuling	
不是	busi	
成都	hengdu	
拥有	yongou	
电视剧	dianshiu	
作业	zoye	
我是	wosi	
然而	rner	
是什么	shishenm	
外面	waiman	
漂亮	piaoiang	
医院	yiyun	
当然	dngran	
回到	huido	
还有	haiyu	
不住	uzhu	
你什么	nishene	
看到了	kanaole	
就好	jiuha	
民国	mingu	
易烊千玺	yiyangqinxi	
南方	nnfang	
上午	hangwu	
被你	bein	
领导	lindao	
我就是	wojiuhi	
现场	xianchng	
已经	yijig	
身边	shenban	
要是	yaosh	
去找	quzha	
合作	heuo	
我想	woxian	
更好	genhao	
夏天	xiatin	
明天	mingtin	
羡慕	xianm	
很喜欢	henxiuan	
但是	anshi	
你有	nyou	
也喜欢	yexihun	
帮你	bangi	
相信	xianxin	
管辖	guanxi	
拒绝	juje	
是一个	shiige	
形成	xigcheng	
让你	rngni	
只是	zhihi	
林那	lina	
旅游	lyou	
电影	danying	
夏令时	xiaingshi	
那边	nbian	
学生	xueheng	
你给	ngei	
正式	zhengsh	
当时	danghi	
早安	zaon	
了解	liaoji	
走了	oule	
好了	aole	
称为	chngwei	
新的	xind	
注意	zuyi	
想到	xingdao	
平均	pingun	
就会	jiuhi	
浙江	zheiang	
攻击	gngji	
啥时候	sashihou	
做的	zude	
属于	suyu	
讨厌	tayan	
看的	ande	
相关	xiagguan	
别人	biren	
祝福	hufu	
晚上	wanhang	
好呀	haoy	
担心	danxi	
也觉得	yejude	
过年	guonan	
人员	renyua	
开心	kaxin	
北方	beifag	
所以我	uoyiwo	
喜欢	xiuan	
年的	niade	
今年	jinnin	
铁路	tiel	
那天	naian	
我自己	wozji	
活动	hudong	
奥林匹克	aolinike	
协会	xiehu	
女神	nvshn	
新年快乐	xinninkuaile	
发型	faxng	
好看	hakan	
邮政编码	yozhengbianma	
参加	cajia	
人类	renei	
媒体	meii	
原因	yuanin	
这是	zhesh	
精神	jingshn	
建立	janli	
议员	yiyua	
自己的	zjide	
解释	jiehi	
书记	shji	
此外	ciai	
声音	shengin	
姑娘	gunian	
就去	jiqu	
告诉我	gaosuw	
冠军	uanjun	
昨天	uotian	
路上	lushng	
严重	yazhong	
看起来	kanqila	
不说	buhuo	
你会	ihui	
就想	jiuiang	
好听	hating	
认识	renhi	
天天	tianian	
你自己	niiji	
买了	male	
设有	shyou	
这样	zheyan	
就行	jixing	
现在	xanzai	
就是	jishi	
该国	gaguo	
感受	ganshu	
没看	mekan	
吃了	hile	
