或旧	huojiu	
一家	yijia	
怎么	zenme	
好想	haoxiang	
总是	zongshi	
调查	diaocha	
行政	xingzheng	
开发	kaifa	
单身	danshen	
电话	dianhua	
头像	touxiang	
控制	kongzhi	
艺术	yishu	
爱情	aiqing	
顺利	shunli	
你这么	nizheme	
周末	zhoumo	
医生	yisheng	
也会	yehui	
希望	xiwang	
你能	nineng	
数量	shuliang	
不是	bushi	
成都	chengdu	
拥有	yongyou	
电视剧	dianshiju	
作业	zuoye	
我是	woshi	
然而	raner	
是什么	shishenme	
外面	waimian	
漂亮	piaoliang	
医院	yiyuan	
当然	dangran	
回到	huidao	
还有	haiyou	
不住	buzhu	
你什么	nishenme	
看到了	kandaole	
就好	jiuhao	
民国	minguo	
易烊千玺	yiyangqianxi	
南方	nanfang	
上午	shangwu	
被你	beini	
领导	lingdao	
我就是	wojiushi	
现场	xianchang	
已经	yijing	
身边	shenbian	
要是	yaoshi	
去找	quzhao	
合作	hezuo	
我想	woxiang	
更好	genghao	
夏天	xiatian	
明天	mingtian	
羡慕	xianmu	
很喜欢	henxihuan	
但是	danshi	
你有	niyou	
也喜欢	yexihuan	
帮你	bangni	
相信	xiangxin	
管辖	guanxia	
拒绝	jujue	
是一个	shiyige	
形成	xingcheng	
让你	rangni	
只是	zhishi	
林那	linna	
旅游	lvyou	
电影	dianying	
夏令时	xialingshi	
那边	nabian	
学生	xuesheng	
你给	nigei	
正式	zhengshi	
当时	dangshi	
早安	zaoan	
了解	liaojie	
走了	zoule	
好了	haole	
称为	chengwei	
新的	xinde	
注意	zhuyi	
想到	xiangdao	
平均	pingjun	
就会	jiuhui	
浙江	zhejiang	
攻击	gongji	
啥时候	shashihou	
做的	zuode	
属于	shuyu	
讨厌	taoyan	
看的	kande	
相关	xiangguan	
别人	bieren	
祝福	zhufu	
晚上	wanshang	
好呀	haoya	
担心	danxin	
也觉得	yejuede	
过年	guonian	
人员	renyuan	
开心	kaixin	
北方	beifang	
所以我	suoyiwo	
喜欢	xihuan	
年的	niande	
今年	jinnian	
铁路	tielu	
那天	natian	
我自己	woziji	
活动	huodong	
奥林匹克	aolinpike	
协会	xiehui	
女神	nvshen	
新年快乐	xinniankuaile	
发型	faxing	
好看	haokan	
邮政编码	youzhengbianma	
参加	canjia	
人类	renlei	
媒体	meiti	
原因	yuanyin	
这是	zheshi	
精神	jingshen	
建立	jianli	
议员	yiyuan	
自己的	zijide	
解释	jieshi	
书记	shuji	
此外	ciwai	
声音	shengyin	
姑娘	guniang	
就去	jiuqu	
告诉我	gaosuwo	
冠军	guanjun	
昨天	zuotian	
路上	lushang	
严重	yanzhong	
看起来	kanqilai	
不说	bushuo	
你会	nihui	
就想	jiuxiang	
好听	haoting	
认识	renshi	
天天	tiantian	
你自己	niziji	
买了	maile	
设有	sheyou	
这样	zheyang	
就行	jiuxing	
现在	xianzai	
就是	jiushi	
该国	gaiguo	
感受	ganshou	
没看	meikan	
吃了	chile	
建设	jianshe	
会议	huiyi	
苏联	sulian	
心里	xinli	
举行	juxing	
我一个	woyige	
特别	tebie	
觉得我	juedewo	
人大	renda	
接受	jieshou	
看来	kanlai	
关注	guanzhu	
中心	zhongxin	
参与	canyu	
不来	bulai	
网络	wangluo	
在这	zaizhe	
哪有	nayou	
太空	taikong	
节目	jiemu	
之间	zhijian	
世界	shijie	
训练	xunlian	
武汉	wuhan	
告诉你	gaosuni	
是谁	shishui	
所有	suoyou	
小组	xiaozu	
结果	jieguo	
空调	kongtiao	
基特峰	jitefeng	
还以为	haiyiwei	
下雨	xiayu	
没人	meiren	
老婆	laopo	
两天	liangtian	
杭州	hangzhou	
可爱的	keaide	
正常	zhengchang	
提供	tigong	
旁边	pangbian	
有些	youxie	
知道	zhidao	
可以的	keyide	
请问	qingwen	
吃完	chiwan	
就算	jiusuan	
一场	yichang	
还会	haihui	
不认识	burenshi	
心情	xinqing	
那种	nazhong	
心疼	xinteng	
木有	muyou	
父亲	fuqin	
没办法	meibanfa	
是真	shizhen	
年度	niandu	
我就	wojiu	
第三	disan	
好啦	haola	
角色	juese	
玩的	wande	
我以为	woyiwei	
男性	nanxing	
到底	daodi	
根本	genben	
广告	guanggao	
原来	yuanlai	
这些	zhexie	
就知道	jiuzhidao	
老板	laoban	
担任	danren	
帮我	bangwo	
技术	jishu	
一年	yinian	
任何	renhe	
不给	bugei	
不好意思	buhaoyisi	
共和国	gongheguo	
学会	xuehui	
状态	zhuangtai	
等着	dengzhe	
不够	bugou	
但是我	danshiwo	
问题	wenti	
会有	huiyou	
河南	henan	
我给	wogei	
听说	tingshuo	
信息	xinxi	
关键	guanjian	
我觉得	wojuede	
导致	daozhi	
名字	mingzi	
吃饭	chifan	
很好	henhao	
任务	renwu	
买的	maide	
看过	kanguo	
高兴	gaoxing	
几天	jitian	
选举	xuanju	
好吧	haoba	
当中	dangzhong	
你说	nishuo	
我好	wohao	
经过	jingguo	
怎么办	zenmeban	
保护	baohu	
错了	cuole	
这么多	zhemeduo	
该地	gaidi	
确定	queding	
同年	tongnian	
刚刚	ganggang	
至少	zhishao	
都是	doushi	
那就	najiu	
想要	xiangyao	
版本	banben	
就在	jiuzai	
新闻	xinwen	
永远	yongyuan	
进行	jinxing	
人口	renkou	
篮球	lanqiu	
明朝	mingchao	
出生	chusheng	
会的	huide	
别的	biede	
见到	jiandao	
结婚	jiehun	
感情	ganqing	
他们	tamen	
数据	shuju	
你看	nikan	
里面	limian	
共产党	gongchandang	
运动员	yundongyuan	
社会	shehui	
其实我	qishiwo	
生日	shengri	
下午	xiawu	
北部	beibu	
不一样	buyiyang	
人民	renmin	
不好	buhao	
小行星	xiaoxingxing	
只要	zhiyao	
找我	zhaowo	
三年	sannian	
改变	gaibian	
瘦了	shoule	
都可以	doukeyi	
经常	jingchang	
之后	zhihou	
想看	xiangkan	
你不是	nibushi	
不知道	buzhidao	
愿意	yuanyi	
标准	biaozhun	
宝宝	baobao	
管理	guanli	
让人	rangren	
坚持	jianchi	
作品	zuopin	
近地	jindi	
理解	lijie	
明年	mingnian	
打算	dasuan	
演员	yanyuan	
中国	zhongguo	
进士	jinshi	
这么	zheme	
一段	yiduan	
新增	xinzeng	
看了	kanle	
很久	henjiu	
这个	zhege	
咱们	zanmen	
挺好的	tinghaode	
市镇	shizhen	
女朋友	nvpengyou	
看完	kanwan	
完全	wanquan	
清楚	qingchu	
全国	quanguo	
认为	renwei	
科学	kexue	
主席	zhuxi	
以后	yihou	
故事	gushi	
演出	yanchu	
有时候	youshihou	
还要	haiyao	
西北	xibei	
海拔	haiba	
一点	yidian	
第一个	diyige	
不到	budao	
跟你	genni	
生日快乐	shengrikuaile	
你吃	nichi	
到时候	daoshihou	
号线	haoxian	
你家	nijia	
时期	shiqi	
香港	xianggang	
东西	dongxi	
都说	doushuo	
快乐	kuaile	
适合	shihe	
从来	conglai	
革命	geming	
政治	zhengzhi	
不着	buzhe	
因为	yinwei	
男人	nanren	
小说	xiaoshuo	
这边	zhebian	
分布	fenbu	
为啥	weisha	
男生	nansheng	
反应	fanying	
发现了	faxianle	
处理	chuli	
表演	biaoyan	
照顾	zhaogu	
并且	bingqie	
很棒	henbang	
平方	pingfang	
女生	nvsheng	
来说	laishuo	
什么时候	shenmeshihou	
列表	liebiao	
道路	daolu	
非常	feichang	
舒服	shufu	
珍惜	zhenxi	
