编号	中文原句	场景	质量分	主要问题
1	你今天晚上有空吗？	日常聊天	5	-
2	我刚下班，正在回家的路上。	日常聊天	5	时态小瑕疵
3	周末一起去看电影吧。	日常聊天	5	-
4	你吃饭了吗？我还没吃呢。	日常聊天	4	略生硬
5	今天天气真不错，适合出去走走。	日常聊天	3	漏译“走走”
6	我到楼下了，你下来吧。	日常聊天	4	时态小瑕疵
7	明天记得带伞，好像要下雨。	日常聊天	4	略生硬
8	你在干嘛呢？怎么半天不回消息。	日常聊天	2	误译“不回消息”
9	我先洗个澡，一会儿聊。	日常聊天	5	-
10	早点休息，别熬夜了。	日常聊天	5	-
11	我想吃火锅，你觉得哪家好吃？	生活出行	4	略生硬
12	帮我点一杯奶茶，三分糖去冰。	生活出行	2	误译“三分糖去冰”
13	这个多少钱？能便宜点吗？	生活出行	5	-
14	我在地铁站门口等你。	生活出行	4	漏“门口”
15	外卖到了，你去拿一下。	生活出行	4	时态偏差
16	菜有点咸了，下次少放点盐。	生活出行	5	-
17	我订了明天早上八点的闹钟。	生活出行	4	用词 booked
18	超市里人好多，排队排了半天。	生活出行	4	语法与直译
19	这双鞋有四十二码的吗？	生活出行	3	误用 yards
20	我们坐高铁还是飞机去？	生活出行	4	略省略 train
21	这个需求今天能上线吗？	工作职场	2	误译“上线”
22	下午三点开会，别迟到了。	工作职场	5	-
23	文档我已经更新好了，你看一下。	工作职场	4	略生硬
24	这个 bug 我复现了，正在排查。	工作职场	2	误译“复现”、句子破碎
25	麻烦把昨天的报表发我一份。	工作职场	5	-
26	项目进度比预期慢了两天。	工作职场	5	-
27	客户那边还没回复，我再催催。	工作职场	3	误译“催”
28	你把代码提交一下，我来 review。	工作职场	2	漏译“提交代码”
29	会议改到明天上午十点了。	工作职场	5	-
30	这个方案我觉得还得再想想。	工作职场	4	略重复
31	我今天好累啊，不想动。	情绪口语	4	直译“不想动”
32	真的吗？太好啦！	情绪口语	5	-
33	哎呀，我忘了带钥匙。	情绪口语	5	-
34	这也太搞笑了吧，哈哈哈。	情绪口语	4	漏“哈哈哈”
35	我有点紧张，怕搞砸了。	情绪口语	3	句子破碎
36	算了，不想了，顺其自然吧。	情绪口语	4	略
37	气死我了，怎么又这样。	情绪口语	3	漏“又这样”
38	哇，这个也太好看了吧！	情绪口语	5	-
39	我好纠结，不知道选哪个。	情绪口语	4	漏“纠结”
40	没事，慢慢来，不着急。	情绪口语	5	-
41	你知道他去哪儿了吗？	问句	5	-
42	这个字怎么念来着？	问句	4	略
43	为什么我的手机这么卡？	问句	4	用词 stuck
44	我们几点出发比较合适？	问句	3	意译偏
45	你有没有看见我的眼镜？	问句	5	-
46	这家店几点关门啊？	问句	5	-
47	你觉得我穿这件好看吗？	问句	5	-
48	怎么办？我把杯子打碎了。	问句	4	用词 glass
49	这个怎么用？教教我呗。	问句	5	-
50	还有多远才到啊？	问句	4	略省略
51	这波操作我是真的服了。	网络用语	1	网络流行语，完全误译
52	绝绝子，这也太好吃了吧。	网络用语	2	网络流行语
53	我直接一整个无语住了。	网络用语	1	网络流行语，不可懂
54	这就是传说中的神仙颜值吗。	网络用语	2	网络流行语，漏“颜值”
55	摸鱼一时爽，一直摸鱼一直爽。	网络用语	1	网络流行语加重复退化
56	破防了家人们，真的好感动。	网络用语	2	网络流行语
57	这剧情也太离谱了吧。	网络用语	4	-
58	笑死，根本停不下来。	网络用语	3	漏译“停不下来”
59	你礼貌吗？我不理解但大受震撼。	网络用语	4	略生硬
60	这波啊，这波是在大气层。	网络用语	2	网络流行语
61	我本来打算今天去图书馆看书的，结果下大雨就没去成。	长句	3	漏译“没去成”
62	如果你明天有空的话，我们可以一起去那个新开的商场逛逛。	长句	4	略省略
63	他说他会在下班之前把报告写完，但我觉得可能来不及。	长句	4	时态小瑕疵
64	这件事情没有你想的那么简单，我们得好好商量一下。	长句	4	略
65	我昨天晚上失眠了，翻来覆去怎么都睡不着。	长句	3	漏“翻来覆去”、语义重复
66	不管结果怎么样，至少我们努力过了，就不会后悔。	长句	5	-
67	那个电影我看了一半就睡着了，听说结局还挺反转的。	长句	3	生硬 reversed
68	等我把手上这点活儿干完，就陪你下楼遛狗。	长句	2	漏译“遛狗”
69	她不仅人长得漂亮，性格也特别好，大家都很喜欢她。	长句	3	误译“性格好”
70	我记得钥匙就放在桌上的，怎么一转眼就不见了。	长句	4	略
71	现在是下午四点半，还有两个小时下班。	数字时间	3	误译“下班”
72	我们约在周六上午十点，老地方见。	数字时间	4	略
73	这个月房租是三千二，我已经转给房东了。	数字时间	3	误加美元符号
74	他今年二十五岁，比我小两岁。	数字时间	5	-
75	火车晚上七点二十发车，别误点了。	数字时间	5	-
76	我买了两张三十块钱的票，一共六十。	数字时间	3	漏“一共”、货币符号
77	从这儿到机场大概要四十分钟。	数字时间	4	略省略
78	会议预计开一个半小时。	数字时间	5	-
79	这家店开了快十年了，生意一直不错。	数字时间	5	-
80	我每天早上七点起床，八点出门。	数字时间	5	-
81	手机快没电了，你带充电器了吗？	日常琐事	5	-
82	我把 Wi-Fi 密码忘了，你知道是多少吗？	日常琐事	3	搭配 how much
83	快递还没到，我查一下物流。	日常琐事	4	略
84	这衣服得手洗，不能放洗衣机。	日常琐事	3	漏译“手洗”
85	我有点感冒，嗓子不太舒服。	日常琐事	4	搭配小瑕疵
86	多喝点热水，好好睡一觉就好了。	日常琐事	5	-
87	你家猫也太可爱了吧，叫什么名字？	日常琐事	5	-
88	楼下新开了家咖啡店，改天去尝尝。	日常琐事	5	-
89	我把窗户打开透透气，屋里有点闷。	日常琐事	3	误译“闷”为 boring
90	钥匙在门垫下面，你自己开门吧。	日常琐事	3	搭配略怪
91	这道题我想了半天也没弄明白。	日常琐事	3	意译偏
92	老师说明天要交作业，你写完没？	日常琐事	2	误译“交作业”
93	我办了张健身卡，希望能坚持下去。	日常琐事	3	直译生硬
94	路上注意安全，到了给我发个消息。	日常琐事	5	-
95	这电视信号不太好，画面一卡一卡的。	日常琐事	2	误译“一卡一卡”
96	我把垃圾顺手带下去扔了。	日常琐事	4	略
97	你声音怎么了？是不是感冒了？	日常琐事	5	-
98	今天地铁特别挤，差点没挤上去。	日常琐事	2	句子不完整
99	我给你留了点饭，在锅里热着呢。	日常琐事	4	略
100	不管多晚，到家了记得跟我说一声。	日常琐事	5	-
